planner,track,suite,domain,tasks,solved,coverage_pct,SOLVED,TIMEOUT,MEMOUT,KILLED,ERROR,UNSUPPORTED,EXHAUSTED,UNSOLVABLE,median_solved_seconds,median_solved_mb,median_plan_length
ABAPlanner-ST,classical,classical-domains,agricola-opt18,20,0,0.0,0,0,0,0,0,20,0,0,,,
ABAPlanner-ST,classical,classical-domains,agricola-sat18,20,0,0.0,0,0,0,0,0,20,0,0,,,
ABAPlanner-ST,classical,classical-domains,airport,50,11,22.0,11,2,29,8,0,0,0,0,56.1,536.1,21
ABAPlanner-ST,classical,classical-domains,airport-adl,50,0,0.0,0,0,0,0,0,50,0,0,,,
ABAPlanner-ST,classical,classical-domains,assembly,30,0,0.0,0,0,0,0,0,30,0,0,,,
ABAPlanner-ST,classical,classical-domains,barman-opt11-strips,20,0,0.0,0,0,0,0,20,0,0,0,,,
ABAPlanner-ST,classical,classical-domains,barman-opt14-strips,14,0,0.0,0,6,5,3,0,0,0,0,,,
ABAPlanner-ST,classical,classical-domains,barman-sat11-strips,20,0,0.0,0,0,0,0,20,0,0,0,,,
ABAPlanner-ST,classical,classical-domains,barman-sat14-strips,20,0,0.0,0,0,12,8,0,0,0,0,,,
ABAPlanner-ST,classical,classical-domains,blocks,136,20,14.7,20,16,32,12,56,0,0,0,37.6,419.3,19.0
ABAPlanner-ST,classical,classical-domains,blocks-3op,30,9,30.0,9,0,20,1,0,0,0,0,7.9,247.3,6
ABAPlanner-ST,classical,classical-domains,briefcaseworld,30,0,0.0,0,0,0,0,0,30,0,0,,,
ABAPlanner-ST,classical,classical-domains,caldera-opt18,20,0,0.0,0,0,0,0,0,20,0,0,,,
ABAPlanner-ST,classical,classical-domains,caldera-sat18,20,0,0.0,0,0,0,0,0,20,0,0,,,
ABAPlanner-ST,classical,classical-domains,caldera-split-opt18,20,0,0.0,0,0,0,0,0,20,0,0,,,
ABAPlanner-ST,classical,classical-domains,caldera-split-sat18,20,0,0.0,0,0,0,0,0,20,0,0,,,
ABAPlanner-ST,classical,classical-domains,cavediving,20,0,0.0,0,0,0,0,0,20,0,0,,,
ABAPlanner-ST,classical,classical-domains,childsnack-opt14-strips,20,0,0.0,0,0,14,6,0,0,0,0,,,
ABAPlanner-ST,classical,classical-domains,childsnack-sat14-strips,20,0,0.0,0,0,20,0,0,0,0,0,,,
ABAPlanner-ST,classical,classical-domains,citycar-opt14-adl,20,0,0.0,0,0,0,0,0,20,0,0,,,
ABAPlanner-ST,classical,classical-domains,citycar-sat14-adl,20,0,0.0,0,0,0,0,0,20,0,0,,,
ABAPlanner-ST,classical,classical-domains,cybersec,30,0,0.0,0,21,0,0,9,0,0,0,,,
ABAPlanner-ST,classical,classical-domains,data-network-opt18,20,0,0.0,0,0,0,0,0,20,0,0,,,
ABAPlanner-ST,classical,classical-domains,data-network-sat18,20,0,0.0,0,0,0,0,0,20,0,0,,,
ABAPlanner-ST,classical,classical-domains,depot,22,2,9.1,2,1,14,5,0,0,0,0,48.3,478.2,12.5
ABAPlanner-ST,classical,classical-domains,driverlog,20,7,35.0,7,1,8,4,0,0,0,0,93.2,475.2,13
ABAPlanner-ST,classical,classical-domains,elevators-00-adl,151,0,0.0,0,0,0,0,1,150,0,0,,,
ABAPlanner-ST,classical,classical-domains,elevators-00-full,150,0,0.0,0,0,0,0,129,21,0,0,,,
ABAPlanner-ST,classical,classical-domains,elevators-00-strips,150,26,17.3,26,3,49,72,0,0,0,0,2.1,144.0,10.0
ABAPlanner-ST,classical,classical-domains,elevators-opt08-strips,30,0,0.0,0,0,0,0,0,30,0,0,,,
ABAPlanner-ST,classical,classical-domains,elevators-opt11-strips,20,0,0.0,0,0,0,0,0,20,0,0,,,
ABAPlanner-ST,classical,classical-domains,elevators-sat08-strips,30,0,0.0,0,0,0,0,0,30,0,0,,,
ABAPlanner-ST,classical,classical-domains,elevators-sat11-strips,20,0,0.0,0,0,0,0,0,20,0,0,,,
ABAPlanner-ST,classical,classical-domains,ferry,30,9,30.0,9,0,0,21,0,0,0,0,377.2,666.3,18
ABAPlanner-ST,classical,classical-domains,flashfill-sat18,20,0,0.0,0,0,0,0,0,20,0,0,,,
ABAPlanner-ST,classical,classical-domains,floortile-opt11-strips,20,0,0.0,0,0,0,0,20,0,0,0,,,
ABAPlanner-ST,classical,classical-domains,floortile-opt14-strips,20,0,0.0,0,0,0,0,20,0,0,0,,,
ABAPlanner-ST,classical,classical-domains,floortile-sat11-strips,20,0,0.0,0,0,0,0,20,0,0,0,,,
ABAPlanner-ST,classical,classical-domains,floortile-sat14-strips,20,0,0.0,0,0,0,0,20,0,0,0,,,
ABAPlanner-ST,classical,classical-domains,freecell,80,1,1.2,1,0,73,6,0,0,0,0,104.5,1175.5,8
ABAPlanner-ST,classical,classical-domains,fridge,30,0,0.0,0,30,0,0,0,0,0,0,,,
ABAPlanner-ST,classical,classical-domains,ged-opt14-strips,20,0,0.0,0,0,0,0,20,0,0,0,,,
ABAPlanner-ST,classical,classical-domains,ged-sat14-strips,20,0,0.0,0,0,0,0,20,0,0,0,,,
ABAPlanner-ST,classical,classical-domains,grid,5,0,0.0,0,0,5,0,0,0,0,0,,,
ABAPlanner-ST,classical,classical-domains,gripper,20,2,10.0,2,0,0,18,0,0,0,0,31.2,211.0,14.0
ABAPlanner-ST,classical,classical-domains,hanoi,30,4,13.3,4,1,16,9,0,0,0,0,2.0,136.6,5.0
ABAPlanner-ST,classical,classical-domains,hiking-opt14-strips,20,3,15.0,3,0,11,6,0,0,0,0,147.1,861.6,11
ABAPlanner-ST,classical,classical-domains,hiking-sat14-strips,20,0,0.0,0,1,14,5,0,0,0,0,,,
ABAPlanner-ST,classical,classical-domains,logistics00,174,0,0.0,0,0,0,0,174,0,0,0,,,
ABAPlanner-ST,classical,classical-domains,logistics98,35,2,5.7,2,1,26,6,0,0,0,0,81.2,619.5,16.5
ABAPlanner-ST,classical,classical-domains,maintenance-opt14-adl,5,0,0.0,0,0,0,0,0,5,0,0,,,
ABAPlanner-ST,classical,classical-domains,maintenance-sat14-adl,20,0,0.0,0,0,0,0,0,20,0,0,,,
ABAPlanner-ST,classical,classical-domains,miconic,150,27,18.0,27,1,51,71,0,0,0,0,2.5,142.0,10
ABAPlanner-ST,classical,classical-domains,miconic-fulladl,150,0,0.0,0,0,0,0,0,150,0,0,,,
ABAPlanner-ST,classical,classical-domains,miconic-simpleadl,150,0,0.0,0,0,0,0,0,150,0,0,,,
ABAPlanner-ST,classical,classical-domains,movie,30,30,100.0,30,0,0,0,0,0,0,0,3.9,176.0,7.0
ABAPlanner-ST,classical,classical-domains,mprime,35,7,20.0,7,6,21,1,0,0,0,0,334.3,3336.6,5
ABAPlanner-ST,classical,classical-domains,mystery,30,8,26.7,8,0,18,4,0,0,0,0,96.9,1628.5,5.0
ABAPlanner-ST,classical,classical-domains,no-mprime,35,5,14.3,5,0,30,0,0,0,0,0,257.8,3946.4,5
ABAPlanner-ST,classical,classical-domains,no-mystery,30,8,26.7,8,0,19,3,0,0,0,0,95.9,1620.8,5.0
ABAPlanner-ST,classical,classical-domains,nomystery-opt11-strips,20,0,0.0,0,0,0,0,20,0,0,0,,,
ABAPlanner-ST,classical,classical-domains,nomystery-sat11-strips,20,0,0.0,0,0,1,0,19,0,0,0,,,
ABAPlanner-ST,classical,classical-domains,nurikabe-opt18,20,0,0.0,0,0,0,0,0,20,0,0,,,
ABAPlanner-ST,classical,classical-domains,nurikabe-sat18,20,0,0.0,0,0,0,0,0,20,0,0,,,
ABAPlanner-ST,classical,classical-domains,openstacks,30,0,0.0,0,23,2,5,0,0,0,0,,,
ABAPlanner-ST,classical,classical-domains,openstacks-opt08-adl,30,0,0.0,0,23,0,0,7,0,0,0,,,
ABAPlanner-ST,classical,classical-domains,openstacks-opt08-strips,30,0,0.0,0,0,0,0,30,0,0,0,,,
ABAPlanner-ST,classical,classical-domains,openstacks-opt11-strips,20,0,0.0,0,0,0,0,20,0,0,0,,,
ABAPlanner-ST,classical,classical-domains,openstacks-opt14-strips,20,0,0.0,0,0,0,0,20,0,0,0,,,
ABAPlanner-ST,classical,classical-domains,openstacks-sat08-adl,30,0,0.0,0,24,0,0,6,0,0,0,,,
ABAPlanner-ST,classical,classical-domains,openstacks-sat08-strips,30,0,0.0,0,0,0,0,30,0,0,0,,,
ABAPlanner-ST,classical,classical-domains,openstacks-sat11-strips,20,0,0.0,0,0,0,0,20,0,0,0,,,
ABAPlanner-ST,classical,classical-domains,openstacks-sat14-strips,20,0,0.0,0,0,0,0,20,0,0,0,,,
ABAPlanner-ST,classical,classical-domains,openstacks-strips,30,5,16.7,5,2,20,3,0,0,0,0,730.4,436.9,23
ABAPlanner-ST,classical,classical-domains,optical-telegraphs,48,0,0.0,0,0,0,0,48,0,0,0,,,
ABAPlanner-ST,classical,classical-domains,organic-synthesis-opt18,20,0,0.0,0,7,0,0,13,0,0,0,,,
ABAPlanner-ST,classical,classical-domains,organic-synthesis-sat18,20,0,0.0,0,2,0,0,18,0,0,0,,,
ABAPlanner-ST,classical,classical-domains,organic-synthesis-split-opt18,20,0,0.0,0,7,0,0,13,0,0,0,,,
ABAPlanner-ST,classical,classical-domains,organic-synthesis-split-sat18,20,0,0.0,0,2,0,0,18,0,0,0,,,
ABAPlanner-ST,classical,classical-domains,parcprinter-08-strips,30,0,0.0,0,0,0,0,30,0,0,0,,,
ABAPlanner-ST,classical,classical-domains,parcprinter-opt11-strips,20,0,0.0,0,0,0,0,20,0,0,0,,,
ABAPlanner-ST,classical,classical-domains,parcprinter-sat11-strips,20,0,0.0,0,0,0,0,20,0,0,0,,,
ABAPlanner-ST,classical,classical-domains,parking-opt11-strips,20,0,0.0,0,0,0,0,20,0,0,0,,,
ABAPlanner-ST,classical,classical-domains,parking-opt14-strips,20,0,0.0,0,0,0,0,20,0,0,0,,,
ABAPlanner-ST,classical,classical-domains,parking-sat11-strips,20,0,0.0,0,0,0,0,20,0,0,0,,,
ABAPlanner-ST,classical,classical-domains,parking-sat14-strips,20,0,0.0,0,0,0,0,20,0,0,0,,,
ABAPlanner-ST,classical,classical-domains,pathways,30,4,13.3,4,3,21,2,0,0,0,0,40.9,495.1,14.5
ABAPlanner-ST,classical,classical-domains,pathways-noneg,30,4,13.3,4,3,22,1,0,0,0,0,39.8,450.2,14.5
ABAPlanner-ST,classical,classical-domains,pegsol-08-strips,30,0,0.0,0,0,0,0,30,0,0,0,,,
ABAPlanner-ST,classical,classical-domains,pegsol-opt11-strips,20,0,0.0,0,0,0,0,20,0,0,0,,,
ABAPlanner-ST,classical,classical-domains,pegsol-sat11-strips,20,0,0.0,0,0,0,0,20,0,0,0,,,
ABAPlanner-ST,classical,classical-domains,petri-net-alignment-opt18,20,0,0.0,0,0,0,0,20,0,0,0,,,
ABAPlanner-ST,classical,classical-domains,philosophers,48,0,0.0,0,0,0,0,48,0,0,0,,,
ABAPlanner-ST,classical,classical-domains,pipesworld-06,50,6,12.0,6,4,39,1,0,0,0,0,258.6,2500.5,9.0
ABAPlanner-ST,classical,classical-domains,pipesworld-notankage,50,10,20.0,10,0,35,5,0,0,0,0,76.1,796.0,10.0
ABAPlanner-ST,classical,classical-domains,pipesworld-tankage,50,6,12.0,6,4,40,0,0,0,0,0,260.7,2493.3,9.0
ABAPlanner-ST,classical,classical-domains,psr-large,50,0,0.0,0,0,0,0,50,0,0,0,,,
ABAPlanner-ST,classical,classical-domains,psr-middle,50,0,0.0,0,0,0,0,50,0,0,0,,,
ABAPlanner-ST,classical,classical-domains,psr-small,50,48,96.0,48,0,1,1,0,0,0,0,10.4,252.3,18.0
ABAPlanner-ST,classical,classical-domains,rovers,40,4,10.0,4,0,23,13,0,0,0,0,4.5,178.5,9.0
ABAPlanner-ST,classical,classical-domains,rovers-02,20,4,20.0,4,0,9,7,0,0,0,0,25.0,608.3,9.0
ABAPlanner-ST,classical,classical-domains,satellite,36,4,11.1,4,8,18,5,1,0,0,0,28.3,362.1,12.0
ABAPlanner-ST,classical,classical-domains,scanalyzer-08-strips,30,0,0.0,0,0,0,0,30,0,0,0,,,
ABAPlanner-ST,classical,classical-domains,scanalyzer-opt11-strips,20,0,0.0,0,0,0,0,20,0,0,0,,,
ABAPlanner-ST,classical,classical-domains,scanalyzer-sat11-strips,20,0,0.0,0,0,0,0,20,0,0,0,,,
ABAPlanner-ST,classical,classical-domains,schedule,150,0,0.0,0,0,0,0,0,150,0,0,,,
ABAPlanner-ST,classical,classical-domains,settlers-opt18,20,0,0.0,0,0,0,0,0,20,0,0,,,
ABAPlanner-ST,classical,classical-domains,settlers-sat18,20,0,0.0,0,0,0,0,0,20,0,0,,,
ABAPlanner-ST,classical,classical-domains,snake-opt18,20,0,0.0,0,0,20,0,0,0,0,0,,,
ABAPlanner-ST,classical,classical-domains,snake-sat18,20,0,0.0,0,1,19,0,0,0,0,0,,,
ABAPlanner-ST,classical,classical-domains,sokoban-opt08-strips,30,0,0.0,0,0,0,0,30,0,0,0,,,
ABAPlanner-ST,classical,classical-domains,sokoban-opt11-strips,20,0,0.0,0,0,0,0,20,0,0,0,,,
ABAPlanner-ST,classical,classical-domains,sokoban-sat08-strips,30,0,0.0,0,0,0,0,30,0,0,0,,,
ABAPlanner-ST,classical,classical-domains,sokoban-sat11-strips,20,0,0.0,0,0,0,0,20,0,0,0,,,
ABAPlanner-ST,classical,classical-domains,spider-opt18,20,0,0.0,0,0,0,0,0,20,0,0,,,
ABAPlanner-ST,classical,classical-domains,spider-sat18,20,0,0.0,0,0,0,0,0,20,0,0,,,
ABAPlanner-ST,classical,classical-domains,storage,30,0,0.0,0,0,0,0,30,0,0,0,,,
ABAPlanner-ST,classical,classical-domains,termes-opt18,20,0,0.0,0,7,0,13,0,0,0,0,,,
ABAPlanner-ST,classical,classical-domains,termes-sat18,20,0,0.0,0,5,13,2,0,0,0,0,,,
ABAPlanner-ST,classical,classical-domains,tetris-opt14-strips,17,0,0.0,0,0,0,0,0,17,0,0,,,
ABAPlanner-ST,classical,classical-domains,tetris-sat14-strips,20,0,0.0,0,20,0,0,0,0,0,0,,,
ABAPlanner-ST,classical,classical-domains,thoughtful-sat14-strips,20,0,0.0,0,0,19,1,0,0,0,0,,,
ABAPlanner-ST,classical,classical-domains,tidybot-opt11-strips,20,1,5.0,1,0,19,0,0,0,0,0,4.5,165.8,4
ABAPlanner-ST,classical,classical-domains,tidybot-opt14-strips,20,0,0.0,0,0,20,0,0,0,0,0,,,
ABAPlanner-ST,classical,classical-domains,tidybot-sat11-strips,20,0,0.0,0,0,20,0,0,0,0,0,,,
ABAPlanner-ST,classical,classical-domains,tpp,30,5,16.7,5,0,17,8,0,0,0,0,1.8,133.4,11
ABAPlanner-ST,classical,classical-domains,transport-opt08-strips,30,0,0.0,0,0,0,0,0,30,0,0,,,
ABAPlanner-ST,classical,classical-domains,transport-opt11-strips,20,0,0.0,0,0,0,0,0,20,0,0,,,
ABAPlanner-ST,classical,classical-domains,transport-opt14-strips,20,0,0.0,0,0,0,0,0,20,0,0,,,
ABAPlanner-ST,classical,classical-domains,transport-sat08-strips,30,0,0.0,0,0,0,0,0,30,0,0,,,
ABAPlanner-ST,classical,classical-domains,transport-sat11-strips,20,0,0.0,0,0,0,0,0,20,0,0,,,
ABAPlanner-ST,classical,classical-domains,transport-sat14-strips,20,0,0.0,0,0,0,0,0,20,0,0,,,
ABAPlanner-ST,classical,classical-domains,trucks,30,2,6.7,2,3,25,0,0,0,0,0,212.1,1349.4,15.0
ABAPlanner-ST,classical,classical-domains,trucks-strips,30,2,6.7,2,7,20,1,0,0,0,0,130.8,907.3,15.0
ABAPlanner-ST,classical,classical-domains,tsp,30,11,36.7,11,1,0,18,0,0,0,0,1.5,133.2,6
ABAPlanner-ST,classical,classical-domains,tyreworld,30,0,0.0,0,0,0,0,30,0,0,0,,,
ABAPlanner-ST,classical,classical-domains,visitall-opt11-strips,20,8,40.0,8,0,0,12,0,0,0,0,2.6,141.2,9.5
ABAPlanner-ST,classical,classical-domains,visitall-opt14-strips,20,2,10.0,2,2,2,14,0,0,0,0,706.9,365.2,22.5
ABAPlanner-ST,classical,classical-domains,visitall-sat11-strips,20,0,0.0,0,0,16,4,0,0,0,0,,,
ABAPlanner-ST,classical,classical-domains,visitall-sat14-strips,20,0,0.0,0,0,20,0,0,0,0,0,,,
ABAPlanner-ST,classical,classical-domains,woodworking-opt08-strips,30,7,23.3,7,18,4,1,0,0,0,0,232.0,1490.7,9
ABAPlanner-ST,classical,classical-domains,woodworking-opt11-strips,20,2,10.0,2,14,3,1,0,0,0,0,1384.0,5861.9,12.0
ABAPlanner-ST,classical,classical-domains,woodworking-sat08-strips,30,3,10.0,3,24,1,1,1,0,0,0,403.5,1267.1,8
ABAPlanner-ST,classical,classical-domains,woodworking-sat11-strips,20,0,0.0,0,19,0,0,1,0,0,0,,,
ABAPlanner-ST,classical,classical-domains,zenotravel,20,8,40.0,8,1,10,1,0,0,0,0,94.0,982.8,9.5
ABAPlanner-ST,numeric,numeric-domains,15-puzzle,100,0,0.0,0,0,0,0,0,100,0,0,,,
ABAPlanner-ST,numeric,numeric-domains,2048,20,0,0.0,0,0,0,0,0,20,0,0,,,
ABAPlanner-ST,numeric,numeric-domains,block-grouping,192,0,0.0,0,181,0,0,0,11,0,0,,,
ABAPlanner-ST,numeric,numeric-domains,coins,20,0,0.0,0,0,0,0,0,20,0,0,,,
ABAPlanner-ST,numeric,numeric-domains,counters,55,0,0.0,0,0,0,0,0,55,0,0,,,
ABAPlanner-ST,numeric,numeric-domains,delivery,20,0,0.0,0,0,0,0,0,20,0,0,,,
ABAPlanner-ST,numeric,numeric-domains,depots,20,0,0.0,0,0,0,0,0,20,0,0,,,
ABAPlanner-ST,numeric,numeric-domains,driverlog,20,0,0.0,0,0,0,0,20,0,0,0,,,
ABAPlanner-ST,numeric,numeric-domains,drone,20,0,0.0,0,0,0,0,0,20,0,0,,,
ABAPlanner-ST,numeric,numeric-domains,elevators,30,0,0.0,0,0,0,0,0,30,0,0,,,
ABAPlanner-ST,numeric,numeric-domains,expedition,20,0,0.0,0,0,0,20,0,0,0,0,,,
ABAPlanner-ST,numeric,numeric-domains,ext-plant-watering,20,0,0.0,0,0,0,0,0,20,0,0,,,
ABAPlanner-ST,numeric,numeric-domains,factory-robot,20,0,0.0,0,0,0,0,0,20,0,0,,,
ABAPlanner-ST,numeric,numeric-domains,farmland,50,0,0.0,0,0,0,0,0,50,0,0,,,
ABAPlanner-ST,numeric,numeric-domains,fo-counters,20,0,0.0,0,0,0,0,0,20,0,0,,,
ABAPlanner-ST,numeric,numeric-domains,fo-farmland,50,0,0.0,0,0,0,0,0,50,0,0,,,
ABAPlanner-ST,numeric,numeric-domains,fo-sailing,20,0,0.0,0,0,0,0,0,20,0,0,,,
ABAPlanner-ST,numeric,numeric-domains,forestfire,20,3,15.0,3,1,4,12,0,0,0,0,121.0,733.2,26
ABAPlanner-ST,numeric,numeric-domains,gear-car,20,0,0.0,0,0,0,0,0,20,0,0,,,
ABAPlanner-ST,numeric,numeric-domains,hydropower,30,0,0.0,0,0,0,0,0,30,0,0,,,
ABAPlanner-ST,numeric,numeric-domains,line-exchange-snp,20,0,0.0,0,0,0,0,0,20,0,0,,,
ABAPlanner-ST,numeric,numeric-domains,markettrader,20,0,0.0,0,0,0,0,0,20,0,0,,,
ABAPlanner-ST,numeric,numeric-domains,minecraft-pogo-advanced,20,0,0.0,0,15,5,0,0,0,0,0,,,
ABAPlanner-ST,numeric,numeric-domains,minecraft-sword-advanced,20,0,0.0,0,20,0,0,0,0,0,0,,,
ABAPlanner-ST,numeric,numeric-domains,mprime,30,0,0.0,0,0,0,0,0,30,0,0,,,
ABAPlanner-ST,numeric,numeric-domains,nlnp-fo-farmland,50,0,0.0,0,0,0,0,0,50,0,0,,,
ABAPlanner-ST,numeric,numeric-domains,nlnp-fo-sailing,20,0,0.0,0,0,0,0,0,20,0,0,,,
ABAPlanner-ST,numeric,numeric-domains,nlnp-hydropower,30,0,0.0,0,0,0,0,0,30,0,0,,,
ABAPlanner-ST,numeric,numeric-domains,nlnp-rover,10,0,0.0,0,0,0,0,0,10,0,0,,,
ABAPlanner-ST,numeric,numeric-domains,nlnp-settlers,25,0,0.0,0,0,0,0,0,25,0,0,,,
ABAPlanner-ST,numeric,numeric-domains,nlnp-sugar,20,0,0.0,0,0,0,0,0,20,0,0,,,
ABAPlanner-ST,numeric,numeric-domains,onlycraft-opt,20,0,0.0,0,0,0,0,0,20,0,0,,,
ABAPlanner-ST,numeric,numeric-domains,onlycraft-sat,20,0,0.0,0,0,0,0,0,20,0,0,,,
ABAPlanner-ST,numeric,numeric-domains,pancake,50,0,0.0,0,0,0,0,0,50,0,0,,,
ABAPlanner-ST,numeric,numeric-domains,pathwaysmetric,30,0,0.0,0,0,0,0,0,30,0,0,,,
ABAPlanner-ST,numeric,numeric-domains,petri-net,20,0,0.0,0,0,0,4,0,16,0,0,,,
ABAPlanner-ST,numeric,numeric-domains,petrobras,70,0,0.0,0,0,0,0,0,70,0,0,,,
ABAPlanner-ST,numeric,numeric-domains,planes,13,0,0.0,0,0,0,0,0,13,0,0,,,
ABAPlanner-ST,numeric,numeric-domains,plant-watering,51,0,0.0,0,0,0,0,0,51,0,0,,,
ABAPlanner-ST,numeric,numeric-domains,plotting,87,0,0.0,0,0,0,0,3,84,0,0,,,
ABAPlanner-ST,numeric,numeric-domains,rainbowttles-opt,20,0,0.0,0,0,0,0,0,20,0,0,,,
ABAPlanner-ST,numeric,numeric-domains,rainbowttles-sat,20,0,0.0,0,0,0,0,0,20,0,0,,,
ABAPlanner-ST,numeric,numeric-domains,rover,20,4,20.0,4,0,5,3,8,0,0,0,21.1,690.6,9.0
ABAPlanner-ST,numeric,numeric-domains,rover-linear,10,0,0.0,0,0,0,0,0,10,0,0,,,
ABAPlanner-ST,numeric,numeric-domains,sailing,40,0,0.0,0,0,0,0,0,40,0,0,,,
ABAPlanner-ST,numeric,numeric-domains,sailing-wind-opt,20,0,0.0,0,0,0,0,0,20,0,0,,,
ABAPlanner-ST,numeric,numeric-domains,sailing-wind-sat,20,0,0.0,0,0,0,0,0,20,0,0,,,
ABAPlanner-ST,numeric,numeric-domains,satellite,20,0,0.0,0,0,0,0,0,20,0,0,,,
ABAPlanner-ST,numeric,numeric-domains,sec_clear_10_2-linear,1,0,0.0,0,0,0,0,0,1,0,0,,,
ABAPlanner-ST,numeric,numeric-domains,sec_clear_10_3-linear,1,0,0.0,0,0,0,0,0,1,0,0,,,
ABAPlanner-ST,numeric,numeric-domains,sec_clear_10_4-linear,1,0,0.0,0,0,0,0,0,1,0,0,,,
ABAPlanner-ST,numeric,numeric-domains,sec_clear_10_5-linear,1,0,0.0,0,0,0,0,0,1,0,0,,,
ABAPlanner-ST,numeric,numeric-domains,sec_clear_2_2-linear,1,0,0.0,0,0,0,0,0,1,0,0,,,
ABAPlanner-ST,numeric,numeric-domains,sec_clear_2_3-linear,1,0,0.0,0,0,0,0,0,1,0,0,,,
ABAPlanner-ST,numeric,numeric-domains,sec_clear_2_4-linear,1,0,0.0,0,0,0,0,0,1,0,0,,,
ABAPlanner-ST,numeric,numeric-domains,sec_clear_2_5-linear,1,0,0.0,0,0,0,0,0,1,0,0,,,
ABAPlanner-ST,numeric,numeric-domains,sec_clear_3_2-linear,1,0,0.0,0,0,0,0,0,1,0,0,,,
ABAPlanner-ST,numeric,numeric-domains,sec_clear_3_3-linear,1,0,0.0,0,0,0,0,0,1,0,0,,,
ABAPlanner-ST,numeric,numeric-domains,sec_clear_3_4-linear,1,0,0.0,0,0,0,0,0,1,0,0,,,
ABAPlanner-ST,numeric,numeric-domains,sec_clear_3_5-linear,1,0,0.0,0,0,0,0,0,1,0,0,,,
ABAPlanner-ST,numeric,numeric-domains,sec_clear_4_2-linear,1,0,0.0,0,0,0,0,0,1,0,0,,,
ABAPlanner-ST,numeric,numeric-domains,sec_clear_4_3-linear,1,0,0.0,0,0,0,0,0,1,0,0,,,
ABAPlanner-ST,numeric,numeric-domains,sec_clear_4_4-linear,1,0,0.0,0,0,0,0,0,1,0,0,,,
ABAPlanner-ST,numeric,numeric-domains,sec_clear_4_5-linear,1,0,0.0,0,0,0,0,0,1,0,0,,,
ABAPlanner-ST,numeric,numeric-domains,sec_clear_5_2-linear,1,0,0.0,0,0,0,0,0,1,0,0,,,
ABAPlanner-ST,numeric,numeric-domains,sec_clear_5_3-linear,1,0,0.0,0,0,0,0,0,1,0,0,,,
ABAPlanner-ST,numeric,numeric-domains,sec_clear_5_4-linear,1,0,0.0,0,0,0,0,0,1,0,0,,,
ABAPlanner-ST,numeric,numeric-domains,sec_clear_5_5-linear,1,0,0.0,0,0,0,0,0,1,0,0,,,
ABAPlanner-ST,numeric,numeric-domains,sec_clear_6_2-linear,1,0,0.0,0,0,0,0,0,1,0,0,,,
ABAPlanner-ST,numeric,numeric-domains,sec_clear_6_3-linear,1,0,0.0,0,0,0,0,0,1,0,0,,,
ABAPlanner-ST,numeric,numeric-domains,sec_clear_6_4-linear,1,0,0.0,0,0,0,0,0,1,0,0,,,
ABAPlanner-ST,numeric,numeric-domains,sec_clear_6_5-linear,1,0,0.0,0,0,0,0,0,1,0,0,,,
ABAPlanner-ST,numeric,numeric-domains,sec_clear_7_2-linear,1,0,0.0,0,0,0,0,0,1,0,0,,,
ABAPlanner-ST,numeric,numeric-domains,sec_clear_7_3-linear,1,0,0.0,0,0,0,0,0,1,0,0,,,
ABAPlanner-ST,numeric,numeric-domains,sec_clear_7_4-linear,1,0,0.0,0,0,0,0,0,1,0,0,,,
ABAPlanner-ST,numeric,numeric-domains,sec_clear_7_5-linear,1,0,0.0,0,0,0,0,0,1,0,0,,,
ABAPlanner-ST,numeric,numeric-domains,sec_clear_8_2-linear,1,0,0.0,0,0,0,0,0,1,0,0,,,
ABAPlanner-ST,numeric,numeric-domains,sec_clear_8_3-linear,1,0,0.0,0,0,0,0,0,1,0,0,,,
ABAPlanner-ST,numeric,numeric-domains,sec_clear_8_4-linear,1,0,0.0,0,0,0,0,0,1,0,0,,,
ABAPlanner-ST,numeric,numeric-domains,sec_clear_8_5-linear,1,0,0.0,0,0,0,0,0,1,0,0,,,
ABAPlanner-ST,numeric,numeric-domains,sec_clear_9_2-linear,1,0,0.0,0,0,0,0,0,1,0,0,,,
ABAPlanner-ST,numeric,numeric-domains,sec_clear_9_3-linear,1,0,0.0,0,0,0,0,0,1,0,0,,,
ABAPlanner-ST,numeric,numeric-domains,sec_clear_9_4-linear,1,0,0.0,0,0,0,0,0,1,0,0,,,
ABAPlanner-ST,numeric,numeric-domains,sec_clear_9_5-linear,1,0,0.0,0,0,0,0,0,1,0,0,,,
ABAPlanner-ST,numeric,numeric-domains,settlers-snp,20,0,0.0,0,0,18,2,0,0,0,0,,,
ABAPlanner-ST,numeric,numeric-domains,settlersnumeric,25,0,0.0,0,0,0,0,0,25,0,0,,,
ABAPlanner-ST,numeric,numeric-domains,settlersnumericnoassign,20,0,0.0,0,0,18,2,0,0,0,0,,,
ABAPlanner-ST,numeric,numeric-domains,sugar,20,0,0.0,0,0,0,0,0,20,0,0,,,
ABAPlanner-ST,numeric,numeric-domains,tpp,40,0,0.0,0,0,0,0,0,40,0,0,,,
ABAPlanner-ST,numeric,numeric-domains,tpp-metric,10,0,0.0,0,0,0,0,0,10,0,0,,,
ABAPlanner-ST,numeric,numeric-domains,worksworld,40,0,0.0,0,0,0,0,0,40,0,0,,,
ABAPlanner-ST,numeric,numeric-domains,zenotravel,23,0,0.0,0,0,0,0,0,23,0,0,,,
ABAPlanner-ST,numeric,numeric-domains,ztalloc-sum,20,0,0.0,0,0,0,0,0,20,0,0,,,
PLASPPlanner-seq,classical,classical-domains,agricola-opt18,20,0,0.0,0,6,0,14,0,0,0,0,,,
PLASPPlanner-seq,classical,classical-domains,agricola-sat18,20,0,0.0,0,12,0,8,0,0,0,0,,,
PLASPPlanner-seq,classical,classical-domains,airport,50,11,22.0,11,39,0,0,0,0,0,0,5.5,154.0,21
PLASPPlanner-seq,classical,classical-domains,airport-adl,50,11,22.0,11,9,23,7,0,0,0,0,12.0,288.0,21
PLASPPlanner-seq,classical,classical-domains,assembly,30,0,0.0,0,8,18,4,0,0,0,0,,,
PLASPPlanner-seq,classical,classical-domains,barman-opt11-strips,20,0,0.0,0,20,0,0,0,0,0,0,,,
PLASPPlanner-seq,classical,classical-domains,barman-opt14-strips,14,0,0.0,0,14,0,0,0,0,0,0,,,
PLASPPlanner-seq,classical,classical-domains,barman-sat11-strips,20,0,0.0,0,20,0,0,0,0,0,0,,,
PLASPPlanner-seq,classical,classical-domains,barman-sat14-strips,20,0,0.0,0,20,0,0,0,0,0,0,,,
PLASPPlanner-seq,classical,classical-domains,blocks,136,20,14.7,20,54,0,6,56,0,0,0,3.3,130.0,19.0
PLASPPlanner-seq,classical,classical-domains,blocks-3op,30,14,46.7,14,16,0,0,0,0,0,0,2.5,132.0,10.0
PLASPPlanner-seq,classical,classical-domains,briefcaseworld,30,7,23.3,7,23,0,0,0,0,0,0,3.0,125.4,12
PLASPPlanner-seq,classical,classical-domains,caldera-opt18,20,4,20.0,4,0,13,3,0,0,0,0,14.0,645.3,7.0
PLASPPlanner-seq,classical,classical-domains,caldera-sat18,20,0,0.0,0,0,18,2,0,0,0,0,,,
PLASPPlanner-seq,classical,classical-domains,caldera-split-opt18,20,8,40.0,8,12,0,0,0,0,0,0,47.4,393.7,28.5
PLASPPlanner-seq,classical,classical-domains,caldera-split-sat18,20,2,10.0,2,9,9,0,0,0,0,0,121.5,617.3,37.0
PLASPPlanner-seq,classical,classical-domains,cavediving,20,7,35.0,7,13,0,0,0,0,0,0,223.6,173.6,23
PLASPPlanner-seq,classical,classical-domains,childsnack-opt14-strips,20,0,0.0,0,20,0,0,0,0,0,0,,,
PLASPPlanner-seq,classical,classical-domains,childsnack-sat14-strips,20,0,0.0,0,20,0,0,0,0,0,0,,,
PLASPPlanner-seq,classical,classical-domains,citycar-opt14-adl,20,6,30.0,6,14,0,0,0,0,0,0,23.0,146.2,13.5
PLASPPlanner-seq,classical,classical-domains,citycar-sat14-adl,20,0,0.0,0,20,0,0,0,0,0,0,,,
PLASPPlanner-seq,classical,classical-domains,cybersec,30,8,26.7,8,21,0,1,0,0,0,0,145.9,419.6,31.5
PLASPPlanner-seq,classical,classical-domains,data-network-opt18,20,15,75.0,15,5,0,0,0,0,0,0,4.1,159.8,10
PLASPPlanner-seq,classical,classical-domains,data-network-sat18,20,0,0.0,0,13,2,5,0,0,0,0,,,
PLASPPlanner-seq,classical,classical-domains,depot,22,2,9.1,2,20,0,0,0,0,0,0,6.2,133.0,12.5
PLASPPlanner-seq,classical,classical-domains,driverlog,20,6,30.0,6,14,0,0,0,0,0,0,14.6,135.0,12.5
PLASPPlanner-seq,classical,classical-domains,elevators-00-adl,151,34,22.5,34,116,0,0,1,0,0,0,1.9,124.0,11.5
PLASPPlanner-seq,classical,classical-domains,elevators-00-full,150,0,0.0,0,0,0,0,129,0,21,0,,,
PLASPPlanner-seq,classical,classical-domains,elevators-00-strips,150,30,20.0,30,120,0,0,0,0,0,0,2.2,122.0,12.0
PLASPPlanner-seq,classical,classical-domains,elevators-opt08-strips,30,6,20.0,6,24,0,0,0,0,0,0,167.0,170.9,14.5
PLASPPlanner-seq,classical,classical-domains,elevators-opt11-strips,20,4,20.0,4,16,0,0,0,0,0,0,354.3,172.4,15.5
PLASPPlanner-seq,classical,classical-domains,elevators-sat08-strips,30,0,0.0,0,30,0,0,0,0,0,0,,,
PLASPPlanner-seq,classical,classical-domains,elevators-sat11-strips,20,0,0.0,0,20,0,0,0,0,0,0,,,
PLASPPlanner-seq,classical,classical-domains,ferry,30,12,40.0,12,18,0,0,0,0,0,0,133.0,150.8,18.0
PLASPPlanner-seq,classical,classical-domains,flashfill-sat18,20,5,25.0,5,1,14,0,0,0,0,0,346.1,4094.0,15
PLASPPlanner-seq,classical,classical-domains,floortile-opt11-strips,20,0,0.0,0,20,0,0,0,0,0,0,,,
PLASPPlanner-seq,classical,classical-domains,floortile-opt14-strips,20,0,0.0,0,20,0,0,0,0,0,0,,,
PLASPPlanner-seq,classical,classical-domains,floortile-sat11-strips,20,0,0.0,0,20,0,0,0,0,0,0,,,
PLASPPlanner-seq,classical,classical-domains,floortile-sat14-strips,20,0,0.0,0,20,0,0,0,0,0,0,,,
PLASPPlanner-seq,classical,classical-domains,freecell,80,8,10.0,8,72,0,0,0,0,0,0,47.2,307.1,8.5
PLASPPlanner-seq,classical,classical-domains,fridge,30,0,0.0,0,30,0,0,0,0,0,0,,,
PLASPPlanner-seq,classical,classical-domains,ged-opt14-strips,20,20,100.0,20,0,0,0,0,0,0,0,6.1,152.8,13.0
PLASPPlanner-seq,classical,classical-domains,ged-sat14-strips,20,0,0.0,0,20,0,0,0,0,0,0,,,
PLASPPlanner-seq,classical,classical-domains,grid,5,1,20.0,1,4,0,0,0,0,0,0,7.6,172.7,14
PLASPPlanner-seq,classical,classical-domains,gripper,20,2,10.0,2,18,0,0,0,0,0,0,16.0,127.0,14.0
PLASPPlanner-seq,classical,classical-domains,hanoi,30,4,13.3,4,26,0,0,0,0,0,0,1.3,121.0,5.0
PLASPPlanner-seq,classical,classical-domains,hiking-opt14-strips,20,6,30.0,6,14,0,0,0,0,0,0,31.8,175.1,13.5
PLASPPlanner-seq,classical,classical-domains,hiking-sat14-strips,20,0,0.0,0,20,0,0,0,0,0,0,,,
PLASPPlanner-seq,classical,classical-domains,logistics00,174,0,0.0,0,0,0,0,174,0,0,0,,,
PLASPPlanner-seq,classical,classical-domains,logistics98,35,2,5.7,2,29,1,3,0,0,0,0,12.6,136.6,16.5
PLASPPlanner-seq,classical,classical-domains,maintenance-opt14-adl,5,5,100.0,5,0,0,0,0,0,0,0,1.5,122.0,7
PLASPPlanner-seq,classical,classical-domains,maintenance-sat14-adl,20,0,0.0,0,20,0,0,0,0,0,0,,,
PLASPPlanner-seq,classical,classical-domains,miconic,150,30,20.0,30,120,0,0,0,0,0,0,2.4,125.0,12.0
PLASPPlanner-seq,classical,classical-domains,miconic-fulladl,150,35,23.3,35,111,4,0,0,0,0,0,2.6,138.0,12
PLASPPlanner-seq,classical,classical-domains,miconic-simpleadl,150,34,22.7,34,116,0,0,0,0,0,0,1.9,124.0,11.5
PLASPPlanner-seq,classical,classical-domains,movie,30,30,100.0,30,0,0,0,0,0,0,0,1.5,124.0,7.0
PLASPPlanner-seq,classical,classical-domains,mprime,35,32,91.4,32,2,0,1,0,0,0,0,20.6,184.4,6.0
PLASPPlanner-seq,classical,classical-domains,mystery,30,18,60.0,18,10,0,1,0,0,1,0,10.4,170.7,6.5
PLASPPlanner-seq,classical,classical-domains,no-mprime,35,30,85.7,30,4,0,1,0,0,0,0,19.2,184.1,6.0
PLASPPlanner-seq,classical,classical-domains,no-mystery,30,18,60.0,18,10,0,1,0,0,1,0,10.6,170.9,6.5
PLASPPlanner-seq,classical,classical-domains,nomystery-opt11-strips,20,7,35.0,7,6,3,4,0,0,0,0,57.5,342.5,14
PLASPPlanner-seq,classical,classical-domains,nomystery-sat11-strips,20,1,5.0,1,7,7,5,0,0,0,0,342.2,426.8,18
PLASPPlanner-seq,classical,classical-domains,nurikabe-opt18,20,7,35.0,7,1,11,1,0,0,0,0,6.6,342.1,15
PLASPPlanner-seq,classical,classical-domains,nurikabe-sat18,20,0,0.0,0,2,14,4,0,0,0,0,,,
PLASPPlanner-seq,classical,classical-domains,openstacks,30,5,16.7,5,21,3,1,0,0,0,0,209.0,154.0,23
PLASPPlanner-seq,classical,classical-domains,openstacks-opt08-adl,30,2,6.7,2,28,0,0,0,0,0,0,165.2,140.6,18.5
PLASPPlanner-seq,classical,classical-domains,openstacks-opt08-strips,30,2,6.7,2,28,0,0,0,0,0,0,81.1,134.0,18.5
PLASPPlanner-seq,classical,classical-domains,openstacks-opt11-strips,20,0,0.0,0,20,0,0,0,0,0,0,,,
PLASPPlanner-seq,classical,classical-domains,openstacks-opt14-strips,20,0,0.0,0,20,0,0,0,0,0,0,,,
PLASPPlanner-seq,classical,classical-domains,openstacks-sat08-adl,30,3,10.0,3,21,0,6,0,0,0,0,21.8,132.0,17
PLASPPlanner-seq,classical,classical-domains,openstacks-sat08-strips,30,3,10.0,3,27,0,0,0,0,0,0,11.6,130.0,17
PLASPPlanner-seq,classical,classical-domains,openstacks-sat11-strips,20,0,0.0,0,20,0,0,0,0,0,0,,,
PLASPPlanner-seq,classical,classical-domains,openstacks-sat14-strips,20,0,0.0,0,20,0,0,0,0,0,0,,,
PLASPPlanner-seq,classical,classical-domains,openstacks-strips,30,5,16.7,5,25,0,0,0,0,0,0,47.1,146.0,23
PLASPPlanner-seq,classical,classical-domains,optical-telegraphs,48,0,0.0,0,0,0,0,48,0,0,0,,,
PLASPPlanner-seq,classical,classical-domains,organic-synthesis-opt18,20,0,0.0,0,0,20,0,0,0,0,0,,,
PLASPPlanner-seq,classical,classical-domains,organic-synthesis-sat18,20,0,0.0,0,0,20,0,0,0,0,0,,,
PLASPPlanner-seq,classical,classical-domains,organic-synthesis-split-opt18,20,12,60.0,12,3,5,0,0,0,0,0,77.2,884.4,27.0
PLASPPlanner-seq,classical,classical-domains,organic-synthesis-split-sat18,20,9,45.0,9,3,8,0,0,0,0,0,278.7,2020.5,37
PLASPPlanner-seq,classical,classical-domains,parcprinter-08-strips,30,8,26.7,8,22,0,0,0,0,0,0,2.3,129.0,15.0
PLASPPlanner-seq,classical,classical-domains,parcprinter-opt11-strips,20,4,20.0,4,16,0,0,0,0,0,0,3.6,131.7,16.0
PLASPPlanner-seq,classical,classical-domains,parcprinter-sat11-strips,20,0,0.0,0,20,0,0,0,0,0,0,,,
PLASPPlanner-seq,classical,classical-domains,parking-opt11-strips,20,0,0.0,0,20,0,0,0,0,0,0,,,
PLASPPlanner-seq,classical,classical-domains,parking-opt14-strips,20,0,0.0,0,20,0,0,0,0,0,0,,,
PLASPPlanner-seq,classical,classical-domains,parking-sat11-strips,20,0,0.0,0,20,0,0,0,0,0,0,,,
PLASPPlanner-seq,classical,classical-domains,parking-sat14-strips,20,0,0.0,0,20,0,0,0,0,0,0,,,
PLASPPlanner-seq,classical,classical-domains,pathways,30,4,13.3,4,5,18,3,0,0,0,0,14.5,220.0,14.5
PLASPPlanner-seq,classical,classical-domains,pathways-noneg,30,4,13.3,4,5,18,3,0,0,0,0,14.3,217.7,14.5
PLASPPlanner-seq,classical,classical-domains,pegsol-08-strips,30,12,40.0,12,18,0,0,0,0,0,0,8.6,160.2,12.0
PLASPPlanner-seq,classical,classical-domains,pegsol-opt11-strips,20,2,10.0,2,18,0,0,0,0,0,0,615.7,189.8,21.0
PLASPPlanner-seq,classical,classical-domains,pegsol-sat11-strips,20,1,5.0,1,19,0,0,0,0,0,0,1121.6,224.8,26
PLASPPlanner-seq,classical,classical-domains,petri-net-alignment-opt18,20,0,0.0,0,20,0,0,0,0,0,0,,,
PLASPPlanner-seq,classical,classical-domains,philosophers,48,0,0.0,0,0,0,0,48,0,0,0,,,
PLASPPlanner-seq,classical,classical-domains,pipesworld-06,50,10,20.0,10,40,0,0,0,0,0,0,10.2,148.3,10.5
PLASPPlanner-seq,classical,classical-domains,pipesworld-notankage,50,12,24.0,12,38,0,0,0,0,0,0,8.0,132.6,10.5
PLASPPlanner-seq,classical,classical-domains,pipesworld-tankage,50,10,20.0,10,40,0,0,0,0,0,0,10.9,149.2,10.5
PLASPPlanner-seq,classical,classical-domains,psr-large,50,0,0.0,0,0,0,0,50,0,0,0,,,
PLASPPlanner-seq,classical,classical-domains,psr-middle,50,0,0.0,0,0,0,0,50,0,0,0,,,
PLASPPlanner-seq,classical,classical-domains,psr-small,50,49,98.0,49,1,0,0,0,0,0,0,2.4,130.0,17
PLASPPlanner-seq,classical,classical-domains,rovers,40,4,10.0,4,36,0,0,0,0,0,0,1.6,125.6,9.0
PLASPPlanner-seq,classical,classical-domains,rovers-02,20,4,20.0,4,16,0,0,0,0,0,0,2.7,130.7,9.0
PLASPPlanner-seq,classical,classical-domains,satellite,36,5,13.9,5,18,0,13,0,0,0,0,4.5,130.0,13
PLASPPlanner-seq,classical,classical-domains,scanalyzer-08-strips,30,7,23.3,7,23,0,0,0,0,0,0,4.4,136.0,6
PLASPPlanner-seq,classical,classical-domains,scanalyzer-opt11-strips,20,4,20.0,4,16,0,0,0,0,0,0,111.9,178.6,9.0
PLASPPlanner-seq,classical,classical-domains,scanalyzer-sat11-strips,20,0,0.0,0,20,0,0,0,0,0,0,,,
PLASPPlanner-seq,classical,classical-domains,schedule,150,37,24.7,37,113,0,0,0,0,0,0,2.7,139.5,9
PLASPPlanner-seq,classical,classical-domains,settlers-opt18,20,4,20.0,4,16,0,0,0,0,0,0,44.6,1103.6,10.5
PLASPPlanner-seq,classical,classical-domains,settlers-sat18,20,0,0.0,0,2,17,1,0,0,0,0,,,
PLASPPlanner-seq,classical,classical-domains,snake-opt18,20,2,10.0,2,18,0,0,0,0,0,0,105.2,649.9,14.5
PLASPPlanner-seq,classical,classical-domains,snake-sat18,20,0,0.0,0,16,1,3,0,0,0,0,,,
PLASPPlanner-seq,classical,classical-domains,sokoban-opt08-strips,30,3,10.0,3,27,0,0,0,0,0,0,449.9,197.8,49
PLASPPlanner-seq,classical,classical-domains,sokoban-opt11-strips,20,0,0.0,0,20,0,0,0,0,0,0,,,
PLASPPlanner-seq,classical,classical-domains,sokoban-sat08-strips,30,1,3.3,1,29,0,0,0,0,0,0,336.1,178.0,35
PLASPPlanner-seq,classical,classical-domains,sokoban-sat11-strips,20,0,0.0,0,20,0,0,0,0,0,0,,,
PLASPPlanner-seq,classical,classical-domains,spider-opt18,20,0,0.0,0,20,0,0,0,0,0,0,,,
PLASPPlanner-seq,classical,classical-domains,spider-sat18,20,0,0.0,0,12,8,0,0,0,0,0,,,
PLASPPlanner-seq,classical,classical-domains,storage,30,0,0.0,0,0,0,0,30,0,0,0,,,
PLASPPlanner-seq,classical,classical-domains,termes-opt18,20,0,0.0,0,20,0,0,0,0,0,0,,,
PLASPPlanner-seq,classical,classical-domains,termes-sat18,20,0,0.0,0,20,0,0,0,0,0,0,,,
PLASPPlanner-seq,classical,classical-domains,tetris-opt14-strips,17,2,11.8,2,10,0,5,0,0,0,0,96.9,416.4,7.5
PLASPPlanner-seq,classical,classical-domains,tetris-sat14-strips,20,0,0.0,0,10,9,1,0,0,0,0,,,
PLASPPlanner-seq,classical,classical-domains,thoughtful-sat14-strips,20,0,0.0,0,8,12,0,0,0,0,0,,,
PLASPPlanner-seq,classical,classical-domains,tidybot-opt11-strips,20,3,15.0,3,17,0,0,0,0,0,0,13.7,253.2,16
PLASPPlanner-seq,classical,classical-domains,tidybot-opt14-strips,20,0,0.0,0,20,0,0,0,0,0,0,,,
PLASPPlanner-seq,classical,classical-domains,tidybot-sat11-strips,20,0,0.0,0,20,0,0,0,0,0,0,,,
PLASPPlanner-seq,classical,classical-domains,tpp,30,5,16.7,5,25,0,0,0,0,0,0,1.4,123.1,11
PLASPPlanner-seq,classical,classical-domains,transport-opt08-strips,30,9,30.0,9,21,0,0,0,0,0,0,5.7,132.0,12
PLASPPlanner-seq,classical,classical-domains,transport-opt11-strips,20,4,20.0,4,16,0,0,0,0,0,0,382.9,167.5,17.0
PLASPPlanner-seq,classical,classical-domains,transport-opt14-strips,20,2,10.0,2,18,0,0,0,0,0,0,205.8,155.0,14.5
PLASPPlanner-seq,classical,classical-domains,transport-sat08-strips,30,4,13.3,4,26,0,0,0,0,0,0,1.5,126.0,9.5
PLASPPlanner-seq,classical,classical-domains,transport-sat11-strips,20,0,0.0,0,20,0,0,0,0,0,0,,,
PLASPPlanner-seq,classical,classical-domains,transport-sat14-strips,20,0,0.0,0,20,0,0,0,0,0,0,,,
PLASPPlanner-seq,classical,classical-domains,trucks,30,3,10.0,3,27,0,0,0,0,0,0,7.5,138.4,17
PLASPPlanner-seq,classical,classical-domains,trucks-strips,30,3,10.0,3,27,0,0,0,0,0,0,9.5,151.8,17
PLASPPlanner-seq,classical,classical-domains,tsp,30,13,43.3,13,17,0,0,0,0,0,0,1.6,122.0,7
PLASPPlanner-seq,classical,classical-domains,tyreworld,30,0,0.0,0,0,0,0,30,0,0,0,,,
PLASPPlanner-seq,classical,classical-domains,visitall-opt11-strips,20,9,45.0,9,11,0,0,0,0,0,0,1.5,122.0,11
PLASPPlanner-seq,classical,classical-domains,visitall-opt14-strips,20,3,15.0,3,17,0,0,0,0,0,0,350.5,180.0,24
PLASPPlanner-seq,classical,classical-domains,visitall-sat11-strips,20,0,0.0,0,18,0,2,0,0,0,0,,,
PLASPPlanner-seq,classical,classical-domains,visitall-sat14-strips,20,0,0.0,0,5,15,0,0,0,0,0,,,
PLASPPlanner-seq,classical,classical-domains,woodworking-opt08-strips,30,9,30.0,9,21,0,0,0,0,0,0,4.1,136.0,9
PLASPPlanner-seq,classical,classical-domains,woodworking-opt11-strips,20,4,20.0,4,16,0,0,0,0,0,0,126.8,155.1,12.0
PLASPPlanner-seq,classical,classical-domains,woodworking-sat08-strips,30,5,16.7,5,24,0,0,1,0,0,0,291.3,170.0,13
PLASPPlanner-seq,classical,classical-domains,woodworking-sat11-strips,20,0,0.0,0,19,0,0,1,0,0,0,,,
PLASPPlanner-seq,classical,classical-domains,zenotravel,20,7,35.0,7,13,0,0,0,0,0,0,2.4,128.0,8
PLASPPlanner-seq,numeric,numeric-domains,15-puzzle,100,0,0.0,0,3,34,63,0,0,0,0,,,
PLASPPlanner-seq,numeric,numeric-domains,2048,20,0,0.0,0,1,3,16,0,0,0,0,,,
PLASPPlanner-seq,numeric,numeric-domains,block-grouping,192,7,3.6,7,17,1,167,0,0,0,0,597.9,368.6,9
PLASPPlanner-seq,numeric,numeric-domains,coins,20,0,0.0,0,0,17,3,0,0,0,0,,,
PLASPPlanner-seq,numeric,numeric-domains,counters,55,10,18.2,10,44,0,1,0,0,0,0,1.5,127.0,4.5
PLASPPlanner-seq,numeric,numeric-domains,delivery,20,1,5.0,1,8,11,0,0,0,0,0,129.1,270.9,10
PLASPPlanner-seq,numeric,numeric-domains,depots,20,0,0.0,0,0,18,2,0,0,0,0,,,
PLASPPlanner-seq,numeric,numeric-domains,driverlog,20,0,0.0,0,0,0,0,20,0,0,0,,,
PLASPPlanner-seq,numeric,numeric-domains,drone,20,2,10.0,2,18,0,0,0,0,0,0,2.6,136.8,7.0
PLASPPlanner-seq,numeric,numeric-domains,elevators,30,1,3.3,1,29,0,0,0,0,0,0,73.2,193.5,9
PLASPPlanner-seq,numeric,numeric-domains,expedition,20,0,0.0,0,19,1,0,0,0,0,0,,,
PLASPPlanner-seq,numeric,numeric-domains,ext-plant-watering,20,0,0.0,0,14,6,0,0,0,0,0,,,
PLASPPlanner-seq,numeric,numeric-domains,factory-robot,20,0,0.0,0,0,0,0,0,20,0,0,,,
PLASPPlanner-seq,numeric,numeric-domains,farmland,50,0,0.0,0,50,0,0,0,0,0,0,,,
PLASPPlanner-seq,numeric,numeric-domains,fo-counters,20,1,5.0,1,19,0,0,0,0,0,0,1.3,122.0,2
PLASPPlanner-seq,numeric,numeric-domains,fo-farmland,50,0,0.0,0,0,0,0,0,50,0,0,,,
PLASPPlanner-seq,numeric,numeric-domains,fo-sailing,20,0,0.0,0,0,0,0,0,20,0,0,,,
PLASPPlanner-seq,numeric,numeric-domains,forestfire,20,2,10.0,2,18,0,0,0,0,0,0,121.1,194.4,25.0
PLASPPlanner-seq,numeric,numeric-domains,gear-car,20,0,0.0,0,0,0,0,0,20,0,0,,,
PLASPPlanner-seq,numeric,numeric-domains,hydropower,30,0,0.0,0,0,0,30,0,0,0,0,,,
PLASPPlanner-seq,numeric,numeric-domains,line-exchange-snp,20,0,0.0,0,0,0,0,0,20,0,0,,,
PLASPPlanner-seq,numeric,numeric-domains,markettrader,20,0,0.0,0,1,13,6,0,0,0,0,,,
PLASPPlanner-seq,numeric,numeric-domains,minecraft-pogo-advanced,20,9,45.0,9,11,0,0,0,0,0,0,275.0,783.8,6
PLASPPlanner-seq,numeric,numeric-domains,minecraft-sword-advanced,20,20,100.0,20,0,0,0,0,0,0,0,18.4,952.4,2.0
PLASPPlanner-seq,numeric,numeric-domains,mprime,30,23,76.7,23,7,0,0,0,0,0,0,3.2,185.5,6
PLASPPlanner-seq,numeric,numeric-domains,nlnp-fo-farmland,50,0,0.0,0,0,0,0,0,50,0,0,,,
PLASPPlanner-seq,numeric,numeric-domains,nlnp-fo-sailing,20,0,0.0,0,0,0,0,0,20,0,0,,,
PLASPPlanner-seq,numeric,numeric-domains,nlnp-hydropower,30,0,0.0,0,0,0,0,0,30,0,0,,,
PLASPPlanner-seq,numeric,numeric-domains,nlnp-rover,10,0,0.0,0,0,0,0,0,10,0,0,,,
PLASPPlanner-seq,numeric,numeric-domains,nlnp-settlers,25,0,0.0,0,0,0,0,0,25,0,0,,,
PLASPPlanner-seq,numeric,numeric-domains,nlnp-sugar,20,0,0.0,0,0,0,0,0,20,0,0,,,
PLASPPlanner-seq,numeric,numeric-domains,onlycraft-opt,20,1,5.0,1,17,1,1,0,0,0,0,21.0,181.3,5
PLASPPlanner-seq,numeric,numeric-domains,onlycraft-sat,20,1,5.0,1,15,4,0,0,0,0,0,13.8,182.2,5
PLASPPlanner-seq,numeric,numeric-domains,pancake,50,5,10.0,5,4,6,35,0,0,0,0,1.7,122.0,2
PLASPPlanner-seq,numeric,numeric-domains,pathwaysmetric,30,0,0.0,0,3,27,0,0,0,0,0,,,
PLASPPlanner-seq,numeric,numeric-domains,petri-net,20,0,0.0,0,20,0,0,0,0,0,0,,,
PLASPPlanner-seq,numeric,numeric-domains,petrobras,70,0,0.0,0,0,44,26,0,0,0,0,,,
PLASPPlanner-seq,numeric,numeric-domains,planes,13,1,7.7,1,0,0,12,0,0,0,0,1.3,122.0,1
PLASPPlanner-seq,numeric,numeric-domains,plant-watering,51,0,0.0,0,43,8,0,0,0,0,0,,,
PLASPPlanner-seq,numeric,numeric-domains,plotting,87,76,87.4,76,0,0,5,3,0,3,0,1746.5,285.2,6.0
PLASPPlanner-seq,numeric,numeric-domains,rainbowttles-opt,20,0,0.0,0,1,17,2,0,0,0,0,,,
PLASPPlanner-seq,numeric,numeric-domains,rainbowttles-sat,20,0,0.0,0,0,17,3,0,0,0,0,,,
PLASPPlanner-seq,numeric,numeric-domains,rover,20,0,0.0,0,0,19,1,0,0,0,0,,,
PLASPPlanner-seq,numeric,numeric-domains,rover-linear,10,0,0.0,0,0,10,0,0,0,0,0,,,
PLASPPlanner-seq,numeric,numeric-domains,sailing,40,0,0.0,0,38,2,0,0,0,0,0,,,
PLASPPlanner-seq,numeric,numeric-domains,sailing-wind-opt,20,0,0.0,0,0,0,0,0,20,0,0,,,
PLASPPlanner-seq,numeric,numeric-domains,sailing-wind-sat,20,0,0.0,0,0,0,0,0,20,0,0,,,
PLASPPlanner-seq,numeric,numeric-domains,satellite,20,0,0.0,0,0,17,3,0,0,0,0,,,
PLASPPlanner-seq,numeric,numeric-domains,sec_clear_10_2-linear,1,0,0.0,0,1,0,0,0,0,0,0,,,
PLASPPlanner-seq,numeric,numeric-domains,sec_clear_10_3-linear,1,0,0.0,0,1,0,0,0,0,0,0,,,
PLASPPlanner-seq,numeric,numeric-domains,sec_clear_10_4-linear,1,0,0.0,0,1,0,0,0,0,0,0,,,
PLASPPlanner-seq,numeric,numeric-domains,sec_clear_10_5-linear,1,0,0.0,0,1,0,0,0,0,0,0,,,
PLASPPlanner-seq,numeric,numeric-domains,sec_clear_2_2-linear,1,1,100.0,1,0,0,0,0,0,0,0,1.4,122.0,4
PLASPPlanner-seq,numeric,numeric-domains,sec_clear_2_3-linear,1,1,100.0,1,0,0,0,0,0,0,0,1.5,122.0,4
PLASPPlanner-seq,numeric,numeric-domains,sec_clear_2_4-linear,1,1,100.0,1,0,0,0,0,0,0,0,1.5,124.0,4
PLASPPlanner-seq,numeric,numeric-domains,sec_clear_2_5-linear,1,1,100.0,1,0,0,0,0,0,0,0,1.5,122.0,4
PLASPPlanner-seq,numeric,numeric-domains,sec_clear_3_2-linear,1,1,100.0,1,0,0,0,0,0,0,0,1.5,123.3,6
PLASPPlanner-seq,numeric,numeric-domains,sec_clear_3_3-linear,1,1,100.0,1,0,0,0,0,0,0,0,1.6,126.0,6
PLASPPlanner-seq,numeric,numeric-domains,sec_clear_3_4-linear,1,1,100.0,1,0,0,0,0,0,0,0,1.7,124.0,6
PLASPPlanner-seq,numeric,numeric-domains,sec_clear_3_5-linear,1,1,100.0,1,0,0,0,0,0,0,0,1.7,123.2,6
PLASPPlanner-seq,numeric,numeric-domains,sec_clear_4_2-linear,1,1,100.0,1,0,0,0,0,0,0,0,1.9,127.5,8
PLASPPlanner-seq,numeric,numeric-domains,sec_clear_4_3-linear,1,1,100.0,1,0,0,0,0,0,0,0,1.9,127.5,8
PLASPPlanner-seq,numeric,numeric-domains,sec_clear_4_4-linear,1,1,100.0,1,0,0,0,0,0,0,0,2.1,130.0,8
PLASPPlanner-seq,numeric,numeric-domains,sec_clear_4_5-linear,1,1,100.0,1,0,0,0,0,0,0,0,2.2,132.0,8
PLASPPlanner-seq,numeric,numeric-domains,sec_clear_5_2-linear,1,1,100.0,1,0,0,0,0,0,0,0,15.8,133.9,10
PLASPPlanner-seq,numeric,numeric-domains,sec_clear_5_3-linear,1,1,100.0,1,0,0,0,0,0,0,0,9.8,138.7,10
PLASPPlanner-seq,numeric,numeric-domains,sec_clear_5_4-linear,1,1,100.0,1,0,0,0,0,0,0,0,8.2,142.6,10
PLASPPlanner-seq,numeric,numeric-domains,sec_clear_5_5-linear,1,1,100.0,1,0,0,0,0,0,0,0,8.7,145.7,10
PLASPPlanner-seq,numeric,numeric-domains,sec_clear_6_2-linear,1,1,100.0,1,0,0,0,0,0,0,0,287.0,151.4,12
PLASPPlanner-seq,numeric,numeric-domains,sec_clear_6_3-linear,1,1,100.0,1,0,0,0,0,0,0,0,552.0,157.6,12
PLASPPlanner-seq,numeric,numeric-domains,sec_clear_6_4-linear,1,1,100.0,1,0,0,0,0,0,0,0,354.2,163.0,12
PLASPPlanner-seq,numeric,numeric-domains,sec_clear_6_5-linear,1,1,100.0,1,0,0,0,0,0,0,0,562.8,168.8,12
PLASPPlanner-seq,numeric,numeric-domains,sec_clear_7_2-linear,1,0,0.0,0,1,0,0,0,0,0,0,,,
PLASPPlanner-seq,numeric,numeric-domains,sec_clear_7_3-linear,1,0,0.0,0,1,0,0,0,0,0,0,,,
PLASPPlanner-seq,numeric,numeric-domains,sec_clear_7_4-linear,1,0,0.0,0,1,0,0,0,0,0,0,,,
PLASPPlanner-seq,numeric,numeric-domains,sec_clear_7_5-linear,1,0,0.0,0,1,0,0,0,0,0,0,,,
PLASPPlanner-seq,numeric,numeric-domains,sec_clear_8_2-linear,1,0,0.0,0,1,0,0,0,0,0,0,,,
PLASPPlanner-seq,numeric,numeric-domains,sec_clear_8_3-linear,1,0,0.0,0,1,0,0,0,0,0,0,,,
PLASPPlanner-seq,numeric,numeric-domains,sec_clear_8_4-linear,1,0,0.0,0,1,0,0,0,0,0,0,,,
PLASPPlanner-seq,numeric,numeric-domains,sec_clear_8_5-linear,1,0,0.0,0,1,0,0,0,0,0,0,,,
PLASPPlanner-seq,numeric,numeric-domains,sec_clear_9_2-linear,1,0,0.0,0,1,0,0,0,0,0,0,,,
PLASPPlanner-seq,numeric,numeric-domains,sec_clear_9_3-linear,1,0,0.0,0,1,0,0,0,0,0,0,,,
PLASPPlanner-seq,numeric,numeric-domains,sec_clear_9_4-linear,1,0,0.0,0,1,0,0,0,0,0,0,,,
PLASPPlanner-seq,numeric,numeric-domains,sec_clear_9_5-linear,1,0,0.0,0,1,0,0,0,0,0,0,,,
PLASPPlanner-seq,numeric,numeric-domains,settlers-snp,20,0,0.0,0,7,10,3,0,0,0,0,,,
PLASPPlanner-seq,numeric,numeric-domains,settlersnumeric,25,0,0.0,0,17,7,1,0,0,0,0,,,
PLASPPlanner-seq,numeric,numeric-domains,settlersnumericnoassign,20,0,0.0,0,7,11,2,0,0,0,0,,,
PLASPPlanner-seq,numeric,numeric-domains,sugar,20,0,0.0,0,20,0,0,0,0,0,0,,,
PLASPPlanner-seq,numeric,numeric-domains,tpp,40,0,0.0,0,0,35,5,0,0,0,0,,,
PLASPPlanner-seq,numeric,numeric-domains,tpp-metric,10,0,0.0,0,1,0,0,0,9,0,0,,,
PLASPPlanner-seq,numeric,numeric-domains,worksworld,40,0,0.0,0,0,0,0,0,40,0,0,,,
PLASPPlanner-seq,numeric,numeric-domains,zenotravel,23,0,0.0,0,0,0,0,0,23,0,0,,,
PLASPPlanner-seq,numeric,numeric-domains,ztalloc-sum,20,0,0.0,0,20,0,0,0,0,0,0,,,
PLASPPlanner-seq,temporal,ipc2018-temporal,Cushing,10,1,10.0,1,9,0,0,0,0,0,0,2.1,141.5,6
PLASPPlanner-seq,temporal,ipc2018-temporal,Floortile,10,0,0.0,0,10,0,0,0,0,0,0,,,
PLASPPlanner-seq,temporal,ipc2018-temporal,Mapanalyser,10,0,0.0,0,0,9,1,0,0,0,0,,,
PLASPPlanner-seq,temporal,ipc2018-temporal,Parking,10,0,0.0,0,7,3,0,0,0,0,0,,,
PLASPPlanner-seq,temporal,ipc2018-temporal,airport-temporal-strips,10,2,20.0,2,0,8,0,0,0,0,0,16.3,277.5,19.0
PLASPPlanner-seq,temporal,ipc2018-temporal,quantum_circuit,10,2,20.0,2,3,5,0,0,0,0,0,23.1,218.5,4.5
PLASPPlanner-seq,temporal,ipc2018-temporal,road-traffic-accident,10,0,0.0,0,0,8,2,0,0,0,0,,,
PLASPPlanner-seq,temporal,ipc2018-temporal,sokoban,10,0,0.0,0,0,9,1,0,0,0,0,,,
PLASPPlanner-seq,temporal,ipc2018-temporal,trucks-time-strips,10,0,0.0,0,0,10,0,0,0,0,0,,,
